{"cameraMode":{"drawMode":0,"name":"Shaded","section":"Shading Mode"},"sceneLighting":true,"audioPlay":false,"sceneViewState":{"m_AlwaysRefresh":true,"showFog":true,"showSkybox":false,"showFlares":true,"showImageEffects":true,"showParticleSystems":true,"showVisualEffectGraphs":true,"m_FxEnabled":true},"in2DMode":false,"pivot":{"x":1.7887675762176514,"y":4.942448139190674,"z":-0.0000017881393432617188},"rotation":{"x":0.05918926000595093,"y":-0.8123330473899841,"z":0.08216474950313568,"w":0.574815034866333},"size":5.7102274894714359,"orthographic":false}