{"cameraMode":{"drawMode":0,"name":"Shaded","section":"Shading Mode"},"sceneLighting":true,"audioPlay":false,"sceneViewState":{"m_AlwaysRefresh":true,"showFog":true,"showSkybox":false,"showFlares":true,"showImageEffects":true,"showParticleSystems":true,"showVisualEffectGraphs":true,"m_FxEnabled":true},"in2DMode":false,"pivot":{"x":1.8333027362823487,"y":4.942448139190674,"z":0.0000034868717193603517},"rotation":{"x":-0.008910438977181912,"y":0.990839421749115,"z":-0.06235401704907417,"w":-0.12182143330574036},"size":5.394721031188965,"orthographic":false}