{"cameraMode":{"drawMode":0,"name":"Shaded","section":"Shading Mode"},"sceneLighting":true,"audioPlay":false,"sceneViewState":{"m_AlwaysRefresh":true,"showFog":true,"showSkybox":true,"showFlares":true,"showImageEffects":true,"showParticleSystems":true,"showVisualEffectGraphs":true,"m_FxEnabled":true},"in2DMode":false,"pivot":{"x":0.18975061178207398,"y":6.326739311218262,"z":13.105955123901368},"rotation":{"x":-0.0029833465814590456,"y":0.027586257085204126,"z":0.0006708874716423452,"w":0.9999502897262573},"size":1.6006919145584107,"orthographic":false}