{"cameraMode":{"drawMode":0,"name":"Shaded","section":"Shading Mode"},"sceneLighting":true,"audioPlay":false,"sceneViewState":{"m_AlwaysRefresh":true,"showFog":true,"showSkybox":true,"showFlares":true,"showImageEffects":true,"showParticleSystems":true,"showVisualEffectGraphs":true,"m_FxEnabled":true},"in2DMode":false,"pivot":{"x":0.29614755511283877,"y":4.493709564208984,"z":6.8055033683776859},"rotation":{"x":0.18381965160369874,"y":0.5613852143287659,"z":-0.130641371011734,"w":0.7965777516365051},"size":1.3422783613204957,"orthographic":false}