{"cameraMode":{"drawMode":0,"name":"Shaded","section":"Shading Mode"},"sceneLighting":false,"audioPlay":false,"sceneViewState":{"m_AlwaysRefresh":true,"showFog":true,"showSkybox":false,"showFlares":true,"showImageEffects":true,"showParticleSystems":true,"showVisualEffectGraphs":true,"m_FxEnabled":true},"in2DMode":false,"pivot":{"x":0.0000019073486328125,"y":0.2645149827003479,"z":-0.00000476837158203125},"rotation":{"x":-0.49772778153419497,"y":0.1200253814458847,"z":-0.07031942903995514,"w":-0.8564782738685608},"size":14.23660659790039,"orthographic":false}